PIN,Major,Academic.Interest.1,Academic.Interest.2
N313106412255,"MATHEMATICAL, COMPUTATIONAL AND STATISTICAL SCIENCES","Philosophy, Politics and Economics",NA
N359107401288,LIFE SCIENCES,Life Sciences,NA
N303108421205,DDP LAW,Global Affairs,Psychology
N397110424273,PHILOSOPHY,Undecided,Philosophy
N308110412274,LIFE SCIENCES,"Philosophy, Politics and Economics",Psychology
N337110408274,PSYCHOLOGY,"Philosophy, Politics and Economics",Economics
N386110425292,"PHILOSOPHY, POLITICS AND ECONOMICS",History,Anthropology
N374110423297,ENVIRONMENTAL STUDIES,Psychology,Arts & Humanities
N379112424217,"PHILOSOPHY, POLITICS AND ECONOMICS","Philosophy, Politics and Economics",NA
N395112408223,"PHILOSOPHY, POLITICS AND ECONOMICS",NA,NA
N376112405225,"MATHEMATICAL, COMPUTATIONAL AND STATISTICAL SCIENCES","Mathematical, Computational and Statistical Sciences",NA
N330112423236,"PHILOSOPHY, POLITICS AND ECONOMICS",Life Sciences,Literature
N331112421236,"MATHEMATICAL, COMPUTATIONAL AND STATISTICAL SCIENCES","Mathematical, Computational and Statistical Sciences",Economics
N332112418236,PHYSICAL SCIENCES,Physical Sciences,Literature
N333112414236,GLOBAL AFFAIRS,"Philosophy, Politics and Economics",Global Affairs
N384112412241,DDP LAW,Economics,"Philosophy, Politics and Economics"
N385112421249,HISTORY,Life Sciences,Anthropology
N320112401251,ANTHROPOLOGY,Arts & Humanities,Philosophy
N381112413252,DDP LAW & GLOBAL AFFAIRS Major,Literature,Arts & Humanities
N306112413255,ANTHROPOLOGY,Arts & Humanities,Psychology
N384112402255,ECONOMICS,Economics,NA
N388112421255,HISTORY,Global Affairs,History
N370112412264,LITERATURE,History,Global Affairs
N358112414278,ARTS AND HUMANITIES,Psychology,Anthropology
N360112401278,PHYSICAL SCIENCES,Physical Sciences,NA
N362112425278,"PHILOSOPHY, POLITICS AND ECONOMICS",Arts & Humanities,History
N363112424278,ENVIRONMENTAL STUDIES,Physical Sciences,NA
N364112423278,LITERATURE,Global Affairs,Literature
N365112421278,GLOBAL AFFAIRS,Life Sciences,NA
N366112418278,DDP LAW & PSYCHOLOGY Major,Psychology,"Philosophy, Politics and Economics"
N367112414278,ARTS AND HUMANITIES,Arts & Humanities,Economics
N368112413278,"MATHEMATICAL, COMPUTATIONAL AND STATISTICAL SCIENCES",Physical Sciences,NA
N370112402278,PSYCHOLOGY,Psychology,Economics
N372112424278,"PHILOSOPHY, POLITICS AND ECONOMICS","Philosophy, Politics and Economics",NA
N373112423278,"PHILOSOPHY, POLITICS AND ECONOMICS",Literature,Anthropology
N374112421278,PHYSICAL SCIENCES,Life Sciences,Physical Sciences
N375112418278,LITERATURE,Literature,NA
N376112414278,GLOBAL AFFAIRS,Psychology,Arts & Humanities
N377112413278,"PHILOSOPHY, POLITICS AND ECONOMICS","Philosophy, Politics and Economics",Arts & Humanities
N378112412278,ENVIRONMENTAL STUDIES,Psychology,Life Sciences
N380112425278,"PHILOSOPHY, POLITICS AND ECONOMICS",Arts & Humanities,Global Affairs
N381112424278,"MATHEMATICAL, COMPUTATIONAL AND STATISTICAL SCIENCES",Physical Sciences,"Mathematical, Computational and Statistical Sciences"
N382112423278,URBAN STUDIES,Global Affairs,NA
N383112421278,"PHILOSOPHY, POLITICS AND ECONOMICS",Psychology,Undecided
N384112418278,DDP LAW,"Philosophy, Politics and Economics",Literature
N386112413278,PSYCHOLOGY,Psychology,Undecided
N387112412278,ANTHROPOLOGY,Literature,Psychology
N388112410278,ARTS AND HUMANITIES,NA,NA
N389112408278,DDP Law,Undecided,Undecided
N390112424278,ECONOMICS,Economics,Psychology
N391112423278,ANTHROPOLOGY,Global Affairs,NA
N392112421278,PSYCHOLOGY,Psychology,Arts & Humanities
N393112418278,ECONOMICS,"Philosophy, Politics and Economics",Global Affairs
N394112414278,"PHILOSOPHY, POLITICS AND ECONOMICS",Economics,NA
N396112412278,URBAN STUDIES,Global Affairs,Environmental Studies
N397112410278,ANTHROPOLOGY,Undecided,Undecided
N398112408278,ANTHROPOLOGY,Global Affairs,Literature
N399112405278,URBAN STUDIES,Anthropology,Environmental Studies
N300112413279,"DDP LAW & PHILOSOPHY, POLITICS AND ECONOMICS Major","Philosophy, Politics and Economics",NA
N301112412279,ECONOMICS,"Mathematical, Computational and Statistical Sciences",NA
N302112410279,GLOBAL AFFAIRS,"Philosophy, Politics and Economics",Global Affairs
N303112408279,"DDP LAW & PHILOSOPHY, POLITICS AND ECONOMICS Major",Global Affairs,"Philosophy, Politics and Economics"
N304112405279,ARTS AND HUMANITIES,Arts & Humanities,Literature
N305112401279,URBAN STUDIES,Urban Studies,Anthropology
N306112402279,PSYCHOLOGY,Anthropology,History
N307112425279,DDP LAW,Arts & Humanities,Global Affairs
N308112424279,"PHILOSOPHY, POLITICS AND ECONOMICS","Philosophy, Politics and Economics",Economics
N309112423279,"PHILOSOPHY, POLITICS AND ECONOMICS",Undecided,Undecided
N310112412279,"PHILOSOPHY, POLITICS AND ECONOMICS",Life Sciences,Arts & Humanities
N311112410279,PSYCHOLOGY,Psychology,Physical Sciences
N313112405279,ECONOMICS,Economics,History
N314112401279,PHILOSOPHY,"Philosophy, Politics and Economics",Anthropology
N315112402279,"PHILOSOPHY, POLITICS AND ECONOMICS","Philosophy, Politics and Economics",Economics
N316112425279,LIFE SCIENCES,Life Sciences,NA
N317112424279,ECONOMICS,Economics,"Mathematical, Computational and Statistical Sciences"
N319112421279,PSYCHOLOGY,Economics,NA
N320112410279,"MATHEMATICAL, COMPUTATIONAL AND STATISTICAL SCIENCES",Arts & Humanities,NA
N321112408279,URBAN STUDIES,Global Affairs,Urban Studies
N322112405279,ARTS AND HUMANITIES,Undecided,NA
N323112401279,PSYCHOLOGY,Philosophy,"Philosophy, Politics and Economics"
N324112402279,ECONOMICS,"Philosophy, Politics and Economics",Literature
N325112425279,ENVIRONMENTAL STUDIES,Life Sciences,Environmental Studies
N326112424279,GLOBAL AFFAIRS,"Philosophy, Politics and Economics",Global Affairs
N327112423279,LITERATURE,Anthropology,Literature
N328112421279,DDP LAW,Arts & Humanities,Literature
N329112418279,PHILOSOPHY,History,Arts & Humanities
N330112408279,LIFE SCIENCES,Undecided,Undecided
N331112405279,PSYCHOLOGY,Anthropology,History
N332112401279,ENVIRONMENTAL STUDIES,Environmental Studies,Urban Studies
N333112402279,ANTHROPOLOGY,Anthropology,Global Affairs
N336112423279,ARTS AND HUMANITIES,Global Affairs,NA
N337112421279,ECONOMICS,Economics,Psychology
N338112418279,ANTHROPOLOGY,Anthropology,Undecided
N339112414279,ENVIRONMENTAL STUDIES,"Philosophy, Politics and Economics",Global Affairs
N340112405279,URBAN STUDIES,Arts & Humanities,Anthropology
N342112402279,"PHILOSOPHY, POLITICS AND ECONOMICS",Economics,NA
N343112425279,GLOBAL AFFAIRS,Physical Sciences,NA
N344112424279,"PHILOSOPHY, POLITICS AND ECONOMICS","Philosophy, Politics and Economics",Global Affairs
N346112421279,PSYCHOLOGY,Literature,Philosophy
N347112418279,PSYCHOLOGY,Psychology,Philosophy
N349112413279,URBAN STUDIES,"Philosophy, Politics and Economics",NA
N350112401279,ENVIRONMENTAL STUDIES,Economics,NA
N351112402279,GLOBAL AFFAIRS,Economics,Global Affairs
N352112425279,DDP LAW,"Mathematical, Computational and Statistical Sciences","Philosophy, Politics and Economics"
N353112424279,ARTS AND HUMANITIES,Anthropology,Arts & Humanities
N354112423279,ECONOMICS,Economics,Philosophy
N355112421279,ANTHROPOLOGY,Global Affairs,Psychology
N356112418279,GLOBAL AFFAIRS,Global Affairs,"Philosophy, Politics and Economics"
N391113401219,ENVIRONMENTAL STUDIES,"Philosophy, Politics and Economics",Arts & Humanities
N392113402219,HISTORY,Arts & Humanities,"Philosophy, Politics and Economics"
N393113425219,DDP LAW,"Philosophy, Politics and Economics",NA
N394113424219,HISTORY,Global Affairs,"Philosophy, Politics and Economics"
N395113423219,"MATHEMATICAL, COMPUTATIONAL AND STATISTICAL SCIENCES",Arts & Humanities,Life Sciences
N396113421219,"PHILOSOPHY, POLITICS AND ECONOMICS",Literature,Arts & Humanities
N365113414221,ARTS AND HUMANITIES,Economics,NA
N366113413221,LIFE SCIENCES,Economics,NA
N367113412221,"MATHEMATICAL, COMPUTATIONAL AND STATISTICAL SCIENCES","Mathematical, Computational and Statistical Sciences",NA
N368113410221,HISTORY,History,NA
N369113408221,"MATHEMATICAL, COMPUTATIONAL AND STATISTICAL SCIENCES",Physical Sciences,NA
N370113424221,LIFE SCIENCES,Arts & Humanities,NA
N372113421221,LIFE SCIENCES,Physical Sciences,NA
N374113414221,ECONOMICS,Psychology,NA
N376113412221,HISTORY,Arts & Humanities,NA
N377113410221,"PHILOSOPHY, POLITICS AND ECONOMICS","Philosophy, Politics and Economics",NA
N378113408221,GLOBAL AFFAIRS,Urban Studies,"Philosophy, Politics and Economics"
N379113405221,LITERATURE,Global Affairs,Literature
N380113423221,"PHILOSOPHY, POLITICS AND ECONOMICS",Environmental Studies,NA
N381113421221,ECONOMICS,Undecided,NA
N382113418221,GLOBAL AFFAIRS,Global Affairs,NA
N385113412221,"MATHEMATICAL, COMPUTATIONAL AND STATISTICAL SCIENCES",Physical Sciences,NA
N386113410221,ENVIRONMENTAL STUDIES,Economics,Arts & Humanities
N388113405221,PHILOSOPHY,Anthropology,Global Affairs
N389113401221,LITERATURE,Global Affairs,NA
N390113421221,ECONOMICS,Economics,NA
N308113412226,GLOBAL AFFAIRS,Global Affairs,Arts & Humanities
N309113410226,"PHILOSOPHY, POLITICS AND ECONOMICS",Global Affairs,History
N310113425226,PHYSICAL SCIENCES,Global Affairs,NA
N311113424226,ARTS AND HUMANITIES,Psychology,"Philosophy, Politics and Economics"
N312113423226,ENVIRONMENTAL STUDIES,Anthropology,NA
N313113421226,"MATHEMATICAL, COMPUTATIONAL AND STATISTICAL SCIENCES",Global Affairs,NA
N316113413226,ARTS AND HUMANITIES,Arts & Humanities,Psychology
N317113412226,URBAN STUDIES,Economics,"Philosophy, Politics and Economics"
N318113410226,ECONOMICS,Economics,Global Affairs
N319113408226,URBAN STUDIES,Global Affairs,NA
N320113424226,LITERATURE,Literature,NA
N321113423226,ANTHROPOLOGY,Anthropology,Arts & Humanities
N323113418226,URBAN STUDIES,Economics,"Philosophy, Politics and Economics"
N324113414226,ENVIRONMENTAL STUDIES,Life Sciences,NA
N325113413226,HISTORY,"Philosophy, Politics and Economics",NA
N326113412226,ARTS AND HUMANITIES,Psychology,Philosophy
N327113410226,LITERATURE,Literature,Arts & Humanities
N328113408226,DDP LAW,Urban Studies,"Philosophy, Politics and Economics"
N329113405226,HISTORY,History,Literature
N331113421226,LIFE SCIENCES,Life Sciences,Physical Sciences
N332113418226,"MATHEMATICAL, COMPUTATIONAL AND STATISTICAL SCIENCES",Physical Sciences,NA
N333113414226,HISTORY,Literature,Arts & Humanities
N398113418236,ANTHROPOLOGY,"Philosophy, Politics and Economics",Global Affairs
N325113408238,ANTHROPOLOGY,Psychology,Economics
N332113424241,ANTHROPOLOGY,Arts & Humanities,"Philosophy, Politics and Economics"
N331109413242,HISTORY,History,"Philosophy, Politics and Economics"
N339112413213,ANTHROPOLOGY,Life Sciences,Undecided
N378112402216,PHYSICAL SCIENCES,Physical Sciences,NA
N311112425217,ANTHROPOLOGY,Literature,Psychology
N312112410220,"MATHEMATICAL, COMPUTATIONAL AND STATISTICAL SCIENCES",Life Sciences,Psychology
N323113418280,ARTS AND HUMANITIES,Arts & Humanities,Literature
N324113414280,DDP LAW,Global Affairs,Philosophy
N325113413280,HISTORY,History,Arts & Humanities
N326113412280,HISTORY,"Philosophy, Politics and Economics",NA
N327113410280,ANTHROPOLOGY,Life Sciences,"Philosophy, Politics and Economics"
N328113408280,ARTS AND HUMANITIES,Philosophy,Psychology
N329113405280,HISTORY,History,Arts & Humanities
N330113423280,ECONOMICS,Urban Studies,Urban Studies
N331113421280,URBAN STUDIES,Global Affairs,Undecided
N332113418280,HISTORY,Global Affairs,"Philosophy, Politics and Economics"
N334113413280,URBAN STUDIES,Economics,Literature
N335113412280,LITERATURE,Philosophy,NA
N336113410280,DDP LAW,"Philosophy, Politics and Economics",Economics
N337113408280,PSYCHOLOGY,Psychology,Environmental Studies
N340113421280,PSYCHOLOGY,Psychology,"Philosophy, Politics and Economics"
N341113418280,LIFE SCIENCES,Life Sciences,Undecided
N342113414280,ANTHROPOLOGY,Anthropology,NA
N343113413280,LIFE SCIENCES,Psychology,NA
N344113412280,HISTORY,"Philosophy, Politics and Economics",Arts & Humanities
N345113410280,PSYCHOLOGY,Urban Studies,Arts & Humanities
N346113408280,ANTHROPOLOGY,Global Affairs,"Philosophy, Politics and Economics"
N347113405280,"PHILOSOPHY, POLITICS AND ECONOMICS",Economics,Global Affairs
N348113401280,"MATHEMATICAL, COMPUTATIONAL AND STATISTICAL SCIENCES",Economics,"Philosophy, Politics and Economics"
N349113402280,ECONOMICS,Global Affairs,"Philosophy, Politics and Economics"
N350113418280,DDP LAW,Global Affairs,"Philosophy, Politics and Economics"
N352113413280,ECONOMICS,Life Sciences,Anthropology
N353113412280,URBAN STUDIES,Philosophy,Literature
N354113410280,HISTORY,Global Affairs,Arts & Humanities
N355113408280,PSYCHOLOGY,Life Sciences,Anthropology
N356113405280,LITERATURE,Arts & Humanities,NA
N358113402280,PSYCHOLOGY,Psychology,Life Sciences
N359113425280,GLOBAL AFFAIRS,"Philosophy, Politics and Economics",History
N360113414280,ARTS AND HUMANITIES,Arts & Humanities,Urban Studies
N361113413280,ENVIRONMENTAL STUDIES,History,Global Affairs
N362113412280,ANTHROPOLOGY,Literature,Psychology
N363113410280,URBAN STUDIES,Arts & Humanities,Economics
N365113405280,PHILOSOPHY,"Philosophy, Politics and Economics",Global Affairs
N366113401280,DDP LAW,Psychology,Anthropology
N367113402280,ECONOMICS,Economics,"Philosophy, Politics and Economics"
N368113425280,PSYCHOLOGY,Psychology,NA
N369113424280,ARTS AND HUMANITIES,Arts & Humanities,Psychology
N370113413280,HISTORY,History,Literature
N371113412280,ECONOMICS,"Mathematical, Computational and Statistical Sciences",NA
N372113410280,PHILOSOPHY,"Philosophy, Politics and Economics",History
N375113401280,"MATHEMATICAL, COMPUTATIONAL AND STATISTICAL SCIENCES","Philosophy, Politics and Economics",Global Affairs
N376113402280,URBAN STUDIES,Economics,NA
N377113425280,HISTORY,History,Anthropology
N378113424280,ENVIRONMENTAL STUDIES,Physical Sciences,NA
N381113410280,LITERATURE,Literature,Arts & Humanities
N383113405280,URBAN STUDIES,Global Affairs,NA
N384113401280,URBAN STUDIES,Urban Studies,Anthropology
N385113402280,ANTHROPOLOGY,Arts & Humanities,"Philosophy, Politics and Economics"
N386113425280,ENVIRONMENTAL STUDIES,Arts & Humanities,Environmental Studies
N387113424280,DDP LAW,Arts & Humanities,Economics
N305113412283,DDP LAW,Global Affairs,"Philosophy, Politics and Economics"
N306113410283,"MATHEMATICAL, COMPUTATIONAL AND STATISTICAL SCIENCES",Physical Sciences,NA
N307113408283,LIFE SCIENCES,Life Sciences,NA
N308113405283,ECONOMICS,Economics,Arts & Humanities
N309113401283,"PHILOSOPHY, POLITICS AND ECONOMICS","Philosophy, Politics and Economics",NA
N310113421283,ANTHROPOLOGY,Global Affairs,"Philosophy, Politics and Economics"
N311113418283,GLOBAL AFFAIRS,"Philosophy, Politics and Economics",NA
N313113413283,ARTS AND HUMANITIES,Literature,NA
N314113412283,ECONOMICS,"Mathematical, Computational and Statistical Sciences",NA
N315113410283,ENVIRONMENTAL STUDIES,"Philosophy, Politics and Economics",NA
N365113414288,HISTORY,Literature,Arts & Humanities
N366113413288,ARTS AND HUMANITIES,Arts & Humanities,Psychology
N367113412288,"MATHEMATICAL, COMPUTATIONAL AND STATISTICAL SCIENCES",Global Affairs,Psychology
N368113410288,"MATHEMATICAL, COMPUTATIONAL AND STATISTICAL SCIENCES",Psychology,Anthropology
N369113408288,"MATHEMATICAL, COMPUTATIONAL AND STATISTICAL SCIENCES",Psychology,"Mathematical, Computational and Statistical Sciences"
N371113423288,"PHILOSOPHY, POLITICS AND ECONOMICS",Global Affairs,"Philosophy, Politics and Economics"
N372113421288,LIFE SCIENCES,Life Sciences,Undecided
N373113418288,"PHILOSOPHY, POLITICS AND ECONOMICS","Philosophy, Politics and Economics",Global Affairs
N374113414288,GLOBAL AFFAIRS,Arts & Humanities,Literature
N375113413288,ENVIRONMENTAL STUDIES,Global Affairs,Anthropology
N376113412288,URBAN STUDIES,"Philosophy, Politics and Economics",NA
N377113410288,ANTHROPOLOGY,Undecided,Life Sciences
N378113408288,"MATHEMATICAL, COMPUTATIONAL AND STATISTICAL SCIENCES",Economics,NA
N379113405288,PHYSICAL SCIENCES,Physical Sciences,NA
N380113423288,DDP LAW,Philosophy,"Philosophy, Politics and Economics"
N381113421288,ENVIRONMENTAL STUDIES,Environmental Studies,Psychology
N382113418288,"PHILOSOPHY, POLITICS AND ECONOMICS",Global Affairs,"Philosophy, Politics and Economics"
N318113401292,LITERATURE,Literature,"Philosophy, Politics and Economics"
N359114412201,ENVIRONMENTAL STUDIES,Environmental Studies,NA
N360114402201,ARTS AND HUMANITIES,Psychology,Life Sciences
N361114425201,PHYSICAL SCIENCES,Environmental Studies,NA
N362114424201,PHYSICAL SCIENCES,Global Affairs,Environmental Studies
N363114423201,DDP LAW,Undecided,Undecided
N364114421201,ARTS AND HUMANITIES,Psychology,NA
N365114418201,"MATHEMATICAL, COMPUTATIONAL AND STATISTICAL SCIENCES",Life Sciences,Physical Sciences
N366114414201,ANTHROPOLOGY,Arts & Humanities,Psychology
N367114413201,URBAN STUDIES,Global Affairs,Arts & Humanities
N368114412201,"PHILOSOPHY, POLITICS AND ECONOMICS",Economics,Global Affairs
N369114410201,PHILOSOPHY,"Philosophy, Politics and Economics",Global Affairs
N370114425201,PSYCHOLOGY,Psychology,Arts & Humanities
N371114424201,PHYSICAL SCIENCES,Global Affairs,Literature
N372114423201,URBAN STUDIES,Undecided,NA
N373114421201,"MATHEMATICAL, COMPUTATIONAL AND STATISTICAL SCIENCES","Mathematical, Computational and Statistical Sciences",NA
N374114418201,ARTS AND HUMANITIES,Arts & Humanities,Global Affairs
N360114425211,URBAN STUDIES,"Philosophy, Politics and Economics",Literature
N361114424211,HISTORY,Global Affairs,"Philosophy, Politics and Economics"
N362114423211,ECONOMICS,Life Sciences,Psychology
N363114421211,"PHILOSOPHY, POLITICS AND ECONOMICS","Philosophy, Politics and Economics",Arts & Humanities
N364114418211,ENVIRONMENTAL STUDIES,Environmental Studies,Urban Studies
N365114414211,ENVIRONMENTAL STUDIES,Physical Sciences,Philosophy
N366114413211,"MATHEMATICAL, COMPUTATIONAL AND STATISTICAL SCIENCES",Psychology,Environmental Studies
N367114412211,ANTHROPOLOGY,"Philosophy, Politics and Economics",Undecided
N368114410211,DDP LAW,"Philosophy, Politics and Economics",Arts & Humanities
N369114408211,DDP LAW,Psychology,"Philosophy, Politics and Economics"
N370114424211,ARTS AND HUMANITIES,Literature,NA
N371114423211,PSYCHOLOGY,Psychology,Undecided
N364114410233,ANTHROPOLOGY,Arts & Humanities,Life Sciences
N384114405233,URBAN STUDIES,"Philosophy, Politics and Economics",Urban Studies
N362114412234,PSYCHOLOGY,"Philosophy, Politics and Economics",Psychology
N302114402241,ENVIRONMENTAL STUDIES,Philosophy,Undecided
N336114408244,"MATHEMATICAL, COMPUTATIONAL AND STATISTICAL SCIENCES","Mathematical, Computational and Statistical Sciences",NA
N337114405244,ARTS AND HUMANITIES,Urban Studies,Arts & Humanities
N339114402244,LIFE SCIENCES,Life Sciences,NA
N340114418244,LIFE SCIENCES,Arts & Humanities,Literature
N341114414244,LITERATURE,Life Sciences,"Philosophy, Politics and Economics"
N342114413244,URBAN STUDIES,Global Affairs,"Philosophy, Politics and Economics"
N343114412244,ECONOMICS,"Mathematical, Computational and Statistical Sciences",Environmental Studies
N344114410244,ENVIRONMENTAL STUDIES,Global Affairs,Psychology
N345114408244,GLOBAL AFFAIRS,Psychology,NA
N346114405244,LITERATURE,Arts & Humanities,"Philosophy, Politics and Economics"
N348114402244,ANTHROPOLOGY,Life Sciences,Global Affairs
N350114414244,ARTS AND HUMANITIES,Anthropology,NA
N351114413244,"MATHEMATICAL, COMPUTATIONAL AND STATISTICAL SCIENCES",Economics,NA
N352114412244,"PHILOSOPHY, POLITICS AND ECONOMICS",Anthropology,Global Affairs
N353114410244,PHILOSOPHY,Physical Sciences,Life Sciences
N354114408244,ECONOMICS,Economics,Arts & Humanities
N355114405244,URBAN STUDIES,Urban Studies,Environmental Studies
N357114402244,PSYCHOLOGY,Economics,Global Affairs
N358114425244,ECONOMICS,"Philosophy, Politics and Economics",NA
N359114424244,GLOBAL AFFAIRS,Arts & Humanities,Literature
N360114413244,GLOBAL AFFAIRS,Arts & Humanities,NA
N361114412244,LITERATURE,Literature,Economics
N362114410244,LIFE SCIENCES,Life Sciences,Economics
N363114408244,ENVIRONMENTAL STUDIES,Environmental Studies,History
N366114402244,"MATHEMATICAL, COMPUTATIONAL AND STATISTICAL SCIENCES",Economics,NA
N367114425244,ENVIRONMENTAL STUDIES,Environmental Studies,NA
N368114424244,GLOBAL AFFAIRS,"Philosophy, Politics and Economics",Global Affairs
N369114423244,ANTHROPOLOGY,"Philosophy, Politics and Economics",Economics
N338114423248,"PHILOSOPHY, POLITICS AND ECONOMICS",Global Affairs,Economics
N339114421248,URBAN STUDIES,Economics,Psychology
N340114410248,GLOBAL AFFAIRS,Undecided,NA
N341114408248,"MATHEMATICAL, COMPUTATIONAL AND STATISTICAL SCIENCES",Anthropology,NA
N342114405248,ARTS AND HUMANITIES,Literature,Arts & Humanities
N343114401248,"MATHEMATICAL, COMPUTATIONAL AND STATISTICAL SCIENCES","Mathematical, Computational and Statistical Sciences",NA
N344114402248,ANTHROPOLOGY,Economics,Global Affairs
N345114425248,PHYSICAL SCIENCES,Physical Sciences,NA
N347114423248,PHYSICAL SCIENCES,Physical Sciences,NA
N348114421248,"MATHEMATICAL, COMPUTATIONAL AND STATISTICAL SCIENCES",Economics,NA
N349114418248,"MATHEMATICAL, COMPUTATIONAL AND STATISTICAL SCIENCES","Mathematical, Computational and Statistical Sciences",NA
N351114405248,"PHILOSOPHY, POLITICS AND ECONOMICS",Economics,NA
N352114401248,ARTS AND HUMANITIES,Undecided,NA
N353114402248,"PHILOSOPHY, POLITICS AND ECONOMICS",Global Affairs,NA
N354114425248,"MATHEMATICAL, COMPUTATIONAL AND STATISTICAL SCIENCES","Mathematical, Computational and Statistical Sciences",NA
N355114424248,ECONOMICS,"Mathematical, Computational and Statistical Sciences",NA
N357114421248,"MATHEMATICAL, COMPUTATIONAL AND STATISTICAL SCIENCES",Global Affairs,Environmental Studies
N358114418248,HISTORY,Undecided,NA
N359114414248,PSYCHOLOGY,Psychology,History
N360114405248,ECONOMICS,Economics,NA
N361114401248,ECONOMICS,Economics,Global Affairs
N338114405261,PSYCHOLOGY,Psychology,Life Sciences
N339114401261,URBAN STUDIES,Global Affairs,Urban Studies
N340114421261,"PHILOSOPHY, POLITICS AND ECONOMICS",Life Sciences,History
N397114413265,GLOBAL AFFAIRS,Global Affairs,Undecided
N398114412265,URBAN STUDIES,Urban Studies,Undecided
N329114423266,LITERATURE,Literature,Arts & Humanities
N377114424280,GLOBAL AFFAIRS,Literature,Arts & Humanities
N356110408273,PHYSICAL SCIENCES,Physical Sciences,Environmental Studies
N338113408261,"PHILOSOPHY, POLITICS AND ECONOMICS",Psychology,Global Affairs
N351113418261,"MATHEMATICAL, COMPUTATIONAL AND STATISTICAL SCIENCES",Anthropology,"Mathematical, Computational and Statistical Sciences"
N363114412242,"PHILOSOPHY, POLITICS AND ECONOMICS",Global Affairs,Literature
N337115408224,"MATHEMATICAL, COMPUTATIONAL AND STATISTICAL SCIENCES",Economics,"Mathematical, Computational and Statistical Sciences"
N338115405224,GLOBAL AFFAIRS,"Philosophy, Politics and Economics",Global Affairs
N339115401224,PSYCHOLOGY,Arts & Humanities,Life Sciences
N340115421224,"PHILOSOPHY, POLITICS AND ECONOMICS","Philosophy, Politics and Economics",NA
N341115418224,PSYCHOLOGY,Psychology,Life Sciences
N342115414224,ANTHROPOLOGY,"Philosophy, Politics and Economics",Arts & Humanities
N343115413224,"PHILOSOPHY, POLITICS AND ECONOMICS",Literature,Physical Sciences
N344115412224,PSYCHOLOGY,Physical Sciences,"Philosophy, Politics and Economics"
N345115410224,GLOBAL AFFAIRS,Literature,"Philosophy, Politics and Economics"
N346115408224,URBAN STUDIES,Global Affairs,Anthropology
N347115405224,"PHILOSOPHY, POLITICS AND ECONOMICS",Arts & Humanities,Environmental Studies
N348115401224,ENVIRONMENTAL STUDIES,Economics,Physical Sciences
N349115402224,"PHILOSOPHY, POLITICS AND ECONOMICS",Economics,Literature
N350115418224,"PHILOSOPHY, POLITICS AND ECONOMICS","Philosophy, Politics and Economics",Economics
N352115413224,PSYCHOLOGY,Global Affairs,Psychology
N353115412224,"MATHEMATICAL, COMPUTATIONAL AND STATISTICAL SCIENCES","Philosophy, Politics and Economics",Arts & Humanities
N354115410224,ENVIRONMENTAL STUDIES,"Philosophy, Politics and Economics",Economics
N355115408224,"MATHEMATICAL, COMPUTATIONAL AND STATISTICAL SCIENCES","Mathematical, Computational and Statistical Sciences",Philosophy
N356115405224,LIFE SCIENCES,Physical Sciences,NA
N357115401224,PSYCHOLOGY,Life Sciences,Economics
N359115425224,"PHILOSOPHY, POLITICS AND ECONOMICS","Philosophy, Politics and Economics",Economics
N360115414224,"MATHEMATICAL, COMPUTATIONAL AND STATISTICAL SCIENCES","Philosophy, Politics and Economics",Economics
N361115413224,"MATHEMATICAL, COMPUTATIONAL AND STATISTICAL SCIENCES",Economics,NA
N362115412224,"PHILOSOPHY, POLITICS AND ECONOMICS",Anthropology,Psychology
N364115408224,"MATHEMATICAL, COMPUTATIONAL AND STATISTICAL SCIENCES","Mathematical, Computational and Statistical Sciences","Philosophy, Politics and Economics"
N365115405224,ECONOMICS,Economics,Global Affairs
N366115401224,ARTS AND HUMANITIES,Arts & Humanities,NA
N367115402224,LITERATURE,"Philosophy, Politics and Economics",Global Affairs
N368115425224,"PHILOSOPHY, POLITICS AND ECONOMICS",Global Affairs,Economics
N369115424224,PHYSICAL SCIENCES,Physical Sciences,Environmental Studies
N370115413224,ECONOMICS,Physical Sciences,"Mathematical, Computational and Statistical Sciences"
N371115412224,NA,Undecided,"Philosophy, Politics and Economics"
N372115410224,"MATHEMATICAL, COMPUTATIONAL AND STATISTICAL SCIENCES","Mathematical, Computational and Statistical Sciences",Psychology
N373115408224,PHYSICAL SCIENCES,Physical Sciences,Arts & Humanities
N374115405224,"PHILOSOPHY, POLITICS AND ECONOMICS",Undecided,Undecided
N375115401224,"MATHEMATICAL, COMPUTATIONAL AND STATISTICAL SCIENCES",Physical Sciences,Global Affairs
N376115402224,"PHILOSOPHY, POLITICS AND ECONOMICS",Anthropology,Urban Studies
N377115425224,"MATHEMATICAL, COMPUTATIONAL AND STATISTICAL SCIENCES",Physical Sciences,Global Affairs
N378115424224,GLOBAL AFFAIRS,Global Affairs,"Philosophy, Politics and Economics"
N380115412224,ARTS AND HUMANITIES,Psychology,Arts & Humanities
N381115410224,"PHILOSOPHY, POLITICS AND ECONOMICS",Economics,Arts & Humanities
N382115408224,HISTORY,History,Physical Sciences
N383115405224,PSYCHOLOGY,Global Affairs,"Philosophy, Politics and Economics"
N384115401224,LITERATURE,Global Affairs,NA
N385115402224,HISTORY,Anthropology,Arts & Humanities
N388115423224,LIFE SCIENCES,Life Sciences,"Mathematical, Computational and Statistical Sciences"
N389115421224,"MATHEMATICAL, COMPUTATIONAL AND STATISTICAL SCIENCES","Mathematical, Computational and Statistical Sciences",Physical Sciences
N390115410224,DDP LAW,Philosophy,Global Affairs
N391115408224,ECONOMICS,Economics,"Mathematical, Computational and Statistical Sciences"
N392115405224,URBAN STUDIES,Economics,Undecided
N393115401224,PHILOSOPHY,Global Affairs,Anthropology
N394115402224,ENVIRONMENTAL STUDIES,Environmental Studies,Undecided
N395115425224,"MATHEMATICAL, COMPUTATIONAL AND STATISTICAL SCIENCES","Mathematical, Computational and Statistical Sciences",Physical Sciences
N396115424224,"PHILOSOPHY, POLITICS AND ECONOMICS",Literature,Economics
N397115423224,"PHILOSOPHY, POLITICS AND ECONOMICS",Psychology,Life Sciences
N398115421224,DDP LAW,Arts & Humanities,History
N399115418224,LIFE SCIENCES,Life Sciences,Physical Sciences
N300115425225,"PHILOSOPHY, POLITICS AND ECONOMICS","Philosophy, Politics and Economics",Arts & Humanities
N301115424225,ECONOMICS,"Mathematical, Computational and Statistical Sciences",Economics
N302115423225,"PHILOSOPHY, POLITICS AND ECONOMICS",Global Affairs,"Philosophy, Politics and Economics"
N303115421225,ECONOMICS,Economics,Global Affairs
N304115418225,ECONOMICS,Economics,Global Affairs
N308115410225,"PHILOSOPHY, POLITICS AND ECONOMICS","Mathematical, Computational and Statistical Sciences","Philosophy, Politics and Economics"
N310115424225,NA,Undecided,Undecided
N311115423225,"PHILOSOPHY, POLITICS AND ECONOMICS","Philosophy, Politics and Economics",Global Affairs
N312115421225,ARTS AND HUMANITIES,Psychology,Literature
N313115418225,ENVIRONMENTAL STUDIES,Environmental Studies,"Philosophy, Politics and Economics"
N314115414225,PSYCHOLOGY,Psychology,Urban Studies
N315115413225,"MATHEMATICAL, COMPUTATIONAL AND STATISTICAL SCIENCES",Economics,Undecided
N317115410225,LITERATURE,Arts & Humanities,Literature
N319115405225,ECONOMICS,"Mathematical, Computational and Statistical Sciences",Economics
N320115423225,ANTHROPOLOGY,Literature,Anthropology
N322115418225,"MATHEMATICAL, COMPUTATIONAL AND STATISTICAL SCIENCES",NA,"Philosophy, Politics and Economics"
N324115413225,LIFE SCIENCES,Life Sciences,Economics
N327115408225,LIFE SCIENCES,Physical Sciences,Life Sciences
N329115401225,"PHILOSOPHY, POLITICS AND ECONOMICS","Philosophy, Politics and Economics",Philosophy
N330115421225,"MATHEMATICAL, COMPUTATIONAL AND STATISTICAL SCIENCES",Physical Sciences,Physical Sciences
N332115414225,"PHILOSOPHY, POLITICS AND ECONOMICS",Literature,Life Sciences
N334115412225,ANTHROPOLOGY,Arts & Humanities,Arts & Humanities
N335115410225,PHILOSOPHY,"Philosophy, Politics and Economics",Philosophy
N337115405225,ANTHROPOLOGY,Global Affairs,Anthropology
N338115401225,ANTHROPOLOGY,History,NA
N339115402225,ECONOMICS,Life Sciences,Physical Sciences
N340115418225,GLOBAL AFFAIRS,Global Affairs,Urban Studies
N341115414225,ECONOMICS,"Philosophy, Politics and Economics",Philosophy
N342115413225,"PHILOSOPHY, POLITICS AND ECONOMICS",Global Affairs,"Philosophy, Politics and Economics"
N344115410225,GLOBAL AFFAIRS,Environmental Studies,Global Affairs
N345115408225,"PHILOSOPHY, POLITICS AND ECONOMICS","Philosophy, Politics and Economics",Global Affairs
N346115405225,DDP LAW,Psychology,Undecided
N347115401225,PSYCHOLOGY,Psychology,Undecided
N349115425225,"PHILOSOPHY, POLITICS AND ECONOMICS",Life Sciences,"Philosophy, Politics and Economics"
N350115414225,ECONOMICS,"Mathematical, Computational and Statistical Sciences","Philosophy, Politics and Economics"
N351115413225,ECONOMICS,"Mathematical, Computational and Statistical Sciences",NA
N352115412225,ECONOMICS,Economics,Physical Sciences
N353115410225,"MATHEMATICAL, COMPUTATIONAL AND STATISTICAL SCIENCES","Mathematical, Computational and Statistical Sciences",Global Affairs
N354115408225,PHILOSOPHY,Global Affairs,"Philosophy, Politics and Economics"
N355115405225,ECONOMICS,Environmental Studies,Economics
N356115401225,"MATHEMATICAL, COMPUTATIONAL AND STATISTICAL SCIENCES",Physical Sciences,Anthropology
N309115413240,ANTHROPOLOGY,Anthropology,Undecided
N310115401240,LIFE SCIENCES,Life Sciences,Physical Sciences
N312115425240,ENVIRONMENTAL STUDIES,Environmental Studies,Physical Sciences
N305115413244,GLOBAL AFFAIRS,Global Affairs,Undecided
N333115408255,ENVIRONMENTAL STUDIES,Global Affairs,Economics
N336115405262,PSYCHOLOGY,Psychology,Literature
N337115401262,"PHILOSOPHY, POLITICS AND ECONOMICS",Literature,Philosophy
N338115402262,LITERATURE,Undecided,Urban Studies
N339115425262,HISTORY,Economics,"Philosophy, Politics and Economics"
N340115414262,LITERATURE,Literature,Arts & Humanities
N341115413262,ARTS AND HUMANITIES,"Philosophy, Politics and Economics",Arts & Humanities
N342115412262,URBAN STUDIES,"Mathematical, Computational and Statistical Sciences",Psychology
N343115410262,DDP LAW,Economics,Global Affairs
N344115408262,URBAN STUDIES,Urban Studies,Undecided
N345115405262,URBAN STUDIES,Urban Studies,Environmental Studies
N346115401262,"PHILOSOPHY, POLITICS AND ECONOMICS","Philosophy, Politics and Economics",Global Affairs
N347115402262,ANTHROPOLOGY,Philosophy,"Philosophy, Politics and Economics"
N348115425262,DDP LAW,Arts & Humanities,"Philosophy, Politics and Economics"
N350115413262,LITERATURE,Literature,Anthropology
N351115412262,DDP LAW,Psychology,"Philosophy, Politics and Economics"
N352115410262,PHILOSOPHY,"Philosophy, Politics and Economics",Arts & Humanities
N353115408262,ENVIRONMENTAL STUDIES,Psychology,Physical Sciences
N354115405262,PSYCHOLOGY,Psychology,Physical Sciences
N355115401262,ARTS AND HUMANITIES,Literature,Arts & Humanities
N356115402262,"MATHEMATICAL, COMPUTATIONAL AND STATISTICAL SCIENCES","Philosophy, Politics and Economics",Global Affairs
N357115425262,DDP LAW,Global Affairs,Urban Studies
N358115424262,PHILOSOPHY,Economics,Philosophy
N359115423262,DDP LAW,Literature,"Philosophy, Politics and Economics"
N360115412262,PHILOSOPHY,Economics,Global Affairs
N361115410262,PSYCHOLOGY,Psychology,Anthropology
N362115408262,"MATHEMATICAL, COMPUTATIONAL AND STATISTICAL SCIENCES",Literature,Undecided
N363115405262,PSYCHOLOGY,Psychology,Anthropology
N364115401262,ENVIRONMENTAL STUDIES,Environmental Studies,Global Affairs
N365115402262,URBAN STUDIES,Arts & Humanities,Economics
N366115425262,ARTS AND HUMANITIES,Philosophy,Literature
N367115424262,LITERATURE,Arts & Humanities,Global Affairs
N368115423262,PHILOSOPHY,Psychology,"Philosophy, Politics and Economics"
N369115421262,URBAN STUDIES,"Philosophy, Politics and Economics","Mathematical, Computational and Statistical Sciences"
N370115410262,"MATHEMATICAL, COMPUTATIONAL AND STATISTICAL SCIENCES","Philosophy, Politics and Economics",Literature
N371115408262,"PHILOSOPHY, POLITICS AND ECONOMICS","Philosophy, Politics and Economics",Undecided
N372115405262,ENVIRONMENTAL STUDIES,NA,Arts & Humanities
N374115402262,ARTS AND HUMANITIES,Urban Studies,Life Sciences
N375115425262,"MATHEMATICAL, COMPUTATIONAL AND STATISTICAL SCIENCES","Philosophy, Politics and Economics",Economics
N376115424262,LITERATURE,History,Literature
N377115423262,GLOBAL AFFAIRS,"Philosophy, Politics and Economics",Global Affairs
N378115421262,"PHILOSOPHY, POLITICS AND ECONOMICS",Economics,Arts & Humanities
N379115418262,PHILOSOPHY,Global Affairs,"Philosophy, Politics and Economics"
N380115408262,DDP LAW,Undecided,Undecided
N381115405262,"MATHEMATICAL, COMPUTATIONAL AND STATISTICAL SCIENCES","Mathematical, Computational and Statistical Sciences",Global Affairs
N383115402262,ECONOMICS,Economics,Environmental Studies
N384115425262,"PHILOSOPHY, POLITICS AND ECONOMICS","Philosophy, Politics and Economics",Global Affairs
N385115424262,"MATHEMATICAL, COMPUTATIONAL AND STATISTICAL SCIENCES",Economics,Global Affairs
N386115423262,LITERATURE,Literature,Arts & Humanities
N387115421262,URBAN STUDIES,Literature,Global Affairs
N388115418262,PSYCHOLOGY,Psychology,Economics
N389115414262,PHYSICAL SCIENCES,Physical Sciences,Philosophy
N390115405262,ECONOMICS,"Philosophy, Politics and Economics",Economics
N332115412272,PSYCHOLOGY,Psychology,Global Affairs
N318115402282,GLOBAL AFFAIRS,Global Affairs,History
N319115424283,"MATHEMATICAL, COMPUTATIONAL AND STATISTICAL SCIENCES","Philosophy, Politics and Economics",Undecided
N391116401207,ECONOMICS,Arts & Humanities,Literature
N393116425207,ARTS AND HUMANITIES,Arts & Humanities,Anthropology
N394116424207,ANTHROPOLOGY,Psychology,"Philosophy, Politics and Economics"
N395116423207,GLOBAL AFFAIRS,Literature,Arts & Humanities
N396116421207,DDP LAW,Arts & Humanities,"Philosophy, Politics and Economics"
N397116418207,"PHILOSOPHY, POLITICS AND ECONOMICS",Economics,"Philosophy, Politics and Economics"
N398116414207,HISTORY,History,Psychology
N399116413207,LITERATURE,Global Affairs,Arts & Humanities
N301116421208,"MATHEMATICAL, COMPUTATIONAL AND STATISTICAL SCIENCES",Economics,"Mathematical, Computational and Statistical Sciences"
N303116414208,ARTS AND HUMANITIES,Arts & Humanities,Undecided
N304116413208,ENVIRONMENTAL STUDIES,Literature,Environmental Studies
N305116412208,"PHILOSOPHY, POLITICS AND ECONOMICS",Global Affairs,"Philosophy, Politics and Economics"
N306116410208,GLOBAL AFFAIRS,Literature,Psychology
N307116408208,ANTHROPOLOGY,Global Affairs,History
N308116405208,DDP LAW,Urban Studies,Anthropology
N309116401208,ENVIRONMENTAL STUDIES,Environmental Studies,"Philosophy, Politics and Economics"
N310116421208,HISTORY,Anthropology,Literature
N311116418208,ANTHROPOLOGY,"Philosophy, Politics and Economics",Global Affairs
N312116414208,ARTS AND HUMANITIES,"Philosophy, Politics and Economics",Psychology
N313116413208,"MATHEMATICAL, COMPUTATIONAL AND STATISTICAL SCIENCES",Economics,"Philosophy, Politics and Economics"
N324116421212,LIFE SCIENCES,Life Sciences,Arts & Humanities
N325116418212,ENVIRONMENTAL STUDIES,Global Affairs,"Philosophy, Politics and Economics"
N336116408215,"PHILOSOPHY, POLITICS AND ECONOMICS",Economics,Anthropology
N337116405215,"MATHEMATICAL, COMPUTATIONAL AND STATISTICAL SCIENCES",Physical Sciences,"Mathematical, Computational and Statistical Sciences"
N338116401215,DDP LAW,"Philosophy, Politics and Economics",Literature
N339116402215,"MATHEMATICAL, COMPUTATIONAL AND STATISTICAL SCIENCES",Arts & Humanities,Physical Sciences
N340116418215,PSYCHOLOGY,Arts & Humanities,Psychology
N341116414215,ANTHROPOLOGY,Psychology,Anthropology
N342116413215,ARTS AND HUMANITIES,Environmental Studies,Urban Studies
N343116412215,PSYCHOLOGY,Literature,Psychology
N335116405217,ENVIRONMENTAL STUDIES,Environmental Studies,Life Sciences
N337116402217,ANTHROPOLOGY,Philosophy,Psychology
N300116408220,"PHILOSOPHY, POLITICS AND ECONOMICS",Global Affairs,History
N330116424222,"PHILOSOPHY, POLITICS AND ECONOMICS",Global Affairs,"Philosophy, Politics and Economics"
N377116425223,ENVIRONMENTAL STUDIES,Urban Studies,Anthropology
N349111425274,PHYSICAL SCIENCES,Physical Sciences,"Philosophy, Politics and Economics"
N343112414217,PHILOSOPHY,"Philosophy, Politics and Economics",Arts & Humanities
N373113405290,"MATHEMATICAL, COMPUTATIONAL AND STATISTICAL SCIENCES","Philosophy, Politics and Economics",Global Affairs
N378114401240,"PHILOSOPHY, POLITICS AND ECONOMICS",Global Affairs,Arts & Humanities
N350114423299,"MATHEMATICAL, COMPUTATIONAL AND STATISTICAL SCIENCES",Physical Sciences,Physical Sciences
N398114424299,DDP LAW,Urban Studies,"Philosophy, Politics and Economics"
N301115412200,ENVIRONMENTAL STUDIES,Urban Studies,Physical Sciences
N335115424200,URBAN STUDIES,Psychology,Global Affairs
N333116413206,ECONOMICS,Economics,Environmental Studies
N338116402207,ANTHROPOLOGY,Psychology,Arts & Humanities
N317116424248,HISTORY,Psychology,History
N372116401280,NA,Anthropology,Physical Sciences
N378116402288,ANTHROPOLOGY,History,"Philosophy, Politics and Economics"
N321116401295,ECONOMICS,Economics,Environmental Studies
N322116402295,ENVIRONMENTAL STUDIES,Anthropology,Global Affairs
N323116425295,PSYCHOLOGY,"Philosophy, Politics and Economics",Arts & Humanities
N324116424295,ANTHROPOLOGY,Psychology,Arts & Humanities
N325116423295,HISTORY,Global Affairs,History
N327116418295,PHYSICAL SCIENCES,Undecided,Undecided
N328116414295,PSYCHOLOGY,History,Environmental Studies
N329116413295,ANTHROPOLOGY,Life Sciences,Life Sciences
N397116401295,DDP LAW,"Philosophy, Politics and Economics",Arts & Humanities
N398116402295,GLOBAL AFFAIRS,Arts & Humanities,Literature
N399116425295,URBAN STUDIES,Global Affairs,"Philosophy, Politics and Economics"
N300116408296,DDP LAW,Arts & Humanities,Anthropology
N301116405296,GLOBAL AFFAIRS,Global Affairs,"Philosophy, Politics and Economics"
N302116401296,ENVIRONMENTAL STUDIES,Global Affairs,Arts & Humanities
N303116402296,DDP LAW,Undecided,Undecided
N304116425296,ARTS AND HUMANITIES,Arts & Humanities,Undecided
N305116424296,ECONOMICS,Economics,Global Affairs
N307116421296,DDP LAW,Psychology,"Philosophy, Politics and Economics"
N308116418296,LITERATURE,"Philosophy, Politics and Economics",Global Affairs
N309116414296,"PHILOSOPHY, POLITICS AND ECONOMICS",Global Affairs,History
N310116405296,"MATHEMATICAL, COMPUTATIONAL AND STATISTICAL SCIENCES",Economics,"Mathematical, Computational and Statistical Sciences"
N311116401296,ANTHROPOLOGY,Anthropology,Economics
N312116402296,"PHILOSOPHY, POLITICS AND ECONOMICS","Philosophy, Politics and Economics",Arts & Humanities
N313116425296,ECONOMICS,Economics,"Mathematical, Computational and Statistical Sciences"
N315116423296,NA,Urban Studies,Psychology
N317116418296,GLOBAL AFFAIRS,Economics,"Mathematical, Computational and Statistical Sciences"
N319116413296,"PHILOSOPHY, POLITICS AND ECONOMICS","Philosophy, Politics and Economics",Global Affairs
N320116401296,"MATHEMATICAL, COMPUTATIONAL AND STATISTICAL SCIENCES",Economics,Economics
N321116402296,"MATHEMATICAL, COMPUTATIONAL AND STATISTICAL SCIENCES",Physical Sciences,Physical Sciences
N322116425296,"MATHEMATICAL, COMPUTATIONAL AND STATISTICAL SCIENCES",Economics,Environmental Studies
N323116424296,HISTORY,"Philosophy, Politics and Economics",Anthropology
N324116423296,ANTHROPOLOGY,Anthropology,Undecided
N325116421296,"MATHEMATICAL, COMPUTATIONAL AND STATISTICAL SCIENCES",Economics,"Mathematical, Computational and Statistical Sciences"
N326116418296,PSYCHOLOGY,Psychology,Economics
N327116414296,URBAN STUDIES,Global Affairs,Psychology
N328116413296,"PHILOSOPHY, POLITICS AND ECONOMICS",Anthropology,Arts & Humanities
N329116412296,ARTS AND HUMANITIES,Anthropology,Anthropology
N330116402296,"MATHEMATICAL, COMPUTATIONAL AND STATISTICAL SCIENCES","Mathematical, Computational and Statistical Sciences",Undecided
N331116425296,GLOBAL AFFAIRS,Global Affairs,"Philosophy, Politics and Economics"
N332116424296,HISTORY,Economics,"Philosophy, Politics and Economics"
N333116423296,URBAN STUDIES,Anthropology,NA
N334116421296,URBAN STUDIES,Global Affairs,Economics
N335116418296,"MATHEMATICAL, COMPUTATIONAL AND STATISTICAL SCIENCES","Mathematical, Computational and Statistical Sciences","Philosophy, Politics and Economics"
N336116414296,ENVIRONMENTAL STUDIES,NA,Environmental Studies
N337116413296,URBAN STUDIES,Arts & Humanities,History
N338116412296,LITERATURE,Literature,Arts & Humanities
N339116410296,URBAN STUDIES,Philosophy,Literature
N340116425296,PHYSICAL SCIENCES,"Mathematical, Computational and Statistical Sciences",Physical Sciences
N341116424296,LITERATURE,Undecided,Arts & Humanities
N337117410203,ECONOMICS,Economics,Psychology
N338117408203,ECONOMICS,Economics,"Mathematical, Computational and Statistical Sciences"
N339117405203,LIFE SCIENCES,Global Affairs,Life Sciences
N340117423203,"PHILOSOPHY, POLITICS AND ECONOMICS","Philosophy, Politics and Economics",Urban Studies
N341117421203,ECONOMICS,Economics,Life Sciences
N342117418203,"MATHEMATICAL, COMPUTATIONAL AND STATISTICAL SCIENCES",Physical Sciences,Economics
N343117414203,ENVIRONMENTAL STUDIES,Economics,"Philosophy, Politics and Economics"
N344117413203,NA,Psychology,"Mathematical, Computational and Statistical Sciences"
N345117412203,"MATHEMATICAL, COMPUTATIONAL AND STATISTICAL SCIENCES","Mathematical, Computational and Statistical Sciences",Physical Sciences
N346117410203,URBAN STUDIES,Global Affairs,"Philosophy, Politics and Economics"
N348117405203,LIFE SCIENCES,Life Sciences,Environmental Studies
N349117401203,URBAN STUDIES,Life Sciences,Psychology
N350117421203,PSYCHOLOGY,"Philosophy, Politics and Economics",Psychology
N351117418203,PHYSICAL SCIENCES,Environmental Studies,Urban Studies
N352117414203,LIFE SCIENCES,Physical Sciences,Psychology
N353117413203,"PHILOSOPHY, POLITICS AND ECONOMICS",Economics,"Philosophy, Politics and Economics"
N354117412203,PSYCHOLOGY,"Philosophy, Politics and Economics",Economics
N355117410203,LIFE SCIENCES,Global Affairs,"Philosophy, Politics and Economics"
N356117408203,"MATHEMATICAL, COMPUTATIONAL AND STATISTICAL SCIENCES","Philosophy, Politics and Economics",Psychology
N357117405203,PHYSICAL SCIENCES,Life Sciences,Life Sciences
N358117401203,PSYCHOLOGY,"Philosophy, Politics and Economics",Economics
N359117402203,"MATHEMATICAL, COMPUTATIONAL AND STATISTICAL SCIENCES",Environmental Studies,Physical Sciences
N360117418203,"MATHEMATICAL, COMPUTATIONAL AND STATISTICAL SCIENCES","Philosophy, Politics and Economics",Economics
N361117414203,"PHILOSOPHY, POLITICS AND ECONOMICS","Philosophy, Politics and Economics","Mathematical, Computational and Statistical Sciences"
N362117413203,GLOBAL AFFAIRS,"Philosophy, Politics and Economics",Global Affairs
N363117412203,URBAN STUDIES,Anthropology,Philosophy
N364117410203,"MATHEMATICAL, COMPUTATIONAL AND STATISTICAL SCIENCES","Mathematical, Computational and Statistical Sciences",Economics
N365117408203,ECONOMICS,Economics,NA
N367117401203,URBAN STUDIES,Undecided,Physical Sciences
N368117402203,GLOBAL AFFAIRS,"Philosophy, Politics and Economics",Arts & Humanities
N369117425203,"PHILOSOPHY, POLITICS AND ECONOMICS",Global Affairs,Psychology
N370117414203,"PHILOSOPHY, POLITICS AND ECONOMICS",Psychology,"Philosophy, Politics and Economics"
N371117413203,LIFE SCIENCES,Psychology,Arts & Humanities
N372117412203,"PHILOSOPHY, POLITICS AND ECONOMICS",Undecided,"Mathematical, Computational and Statistical Sciences"
N373117410203,"MATHEMATICAL, COMPUTATIONAL AND STATISTICAL SCIENCES","Mathematical, Computational and Statistical Sciences",Physical Sciences
N374117408203,GLOBAL AFFAIRS,"Philosophy, Politics and Economics",Arts & Humanities
N376117401203,LIFE SCIENCES,Life Sciences,Environmental Studies
N377117402203,"PHILOSOPHY, POLITICS AND ECONOMICS","Philosophy, Politics and Economics",Economics
N378117425203,ECONOMICS,"Philosophy, Politics and Economics",Economics
N379117424203,"PHILOSOPHY, POLITICS AND ECONOMICS","Philosophy, Politics and Economics",NA
N380117413203,ENVIRONMENTAL STUDIES,Environmental Studies,Undecided
N381117412203,ECONOMICS,Economics,Global Affairs
N383117408203,"PHILOSOPHY, POLITICS AND ECONOMICS","Mathematical, Computational and Statistical Sciences",Physical Sciences
N384117405203,ECONOMICS,"Philosophy, Politics and Economics",Life Sciences
N385117401203,ECONOMICS,Economics,"Philosophy, Politics and Economics"
N386117402203,ECONOMICS,Environmental Studies,Physical Sciences
N387117425203,"MATHEMATICAL, COMPUTATIONAL AND STATISTICAL SCIENCES","Philosophy, Politics and Economics","Philosophy, Politics and Economics"
N388117424203,PSYCHOLOGY,Psychology,"Philosophy, Politics and Economics"
N389117423203,PSYCHOLOGY,"Mathematical, Computational and Statistical Sciences",Life Sciences
N390117412203,"MATHEMATICAL, COMPUTATIONAL AND STATISTICAL SCIENCES","Mathematical, Computational and Statistical Sciences",Physical Sciences
N391117410203,GLOBAL AFFAIRS,Literature,Physical Sciences
N392117408203,GLOBAL AFFAIRS,Arts & Humanities,Arts & Humanities
N393117405203,LIFE SCIENCES,Anthropology,Arts & Humanities
N394117401203,LIFE SCIENCES,Life Sciences,Physical Sciences
N395117402203,ARTS AND HUMANITIES,Arts & Humanities,Psychology
N397117424203,"PHILOSOPHY, POLITICS AND ECONOMICS",Undecided,Economics
N399117421203,LITERATURE,"Mathematical, Computational and Statistical Sciences",Literature
N300117402204,"MATHEMATICAL, COMPUTATIONAL AND STATISTICAL SCIENCES","Mathematical, Computational and Statistical Sciences",Physical Sciences
N301117425204,PSYCHOLOGY,Psychology,Philosophy
N302117424204,PHILOSOPHY,Economics,Physical Sciences
N305117418204,GLOBAL AFFAIRS,Psychology,Global Affairs
N307117413204,"MATHEMATICAL, COMPUTATIONAL AND STATISTICAL SCIENCES","Mathematical, Computational and Statistical Sciences",Undecided
N308117412204,ECONOMICS,"Philosophy, Politics and Economics","Mathematical, Computational and Statistical Sciences"
N309117410204,LIFE SCIENCES,Life Sciences,Physical Sciences
N310117425204,PHYSICAL SCIENCES,Physical Sciences,NA
N311117424204,"PHILOSOPHY, POLITICS AND ECONOMICS",Undecided,Undecided
N312117423204,PHYSICAL SCIENCES,Physical Sciences,"Mathematical, Computational and Statistical Sciences"
N313117421204,GLOBAL AFFAIRS,Psychology,Urban Studies
N315117414204,"PHILOSOPHY, POLITICS AND ECONOMICS","Mathematical, Computational and Statistical Sciences","Philosophy, Politics and Economics"
N316117413204,URBAN STUDIES,Undecided,Anthropology
N318117410204,NA,Life Sciences,Psychology
N319117408204,"PHILOSOPHY, POLITICS AND ECONOMICS",Global Affairs,Economics
N320117424204,"PHILOSOPHY, POLITICS AND ECONOMICS",Global Affairs,"Philosophy, Politics and Economics"
N321117423204,"PHILOSOPHY, POLITICS AND ECONOMICS",Anthropology,Anthropology
N322117421204,PHYSICAL SCIENCES,"Mathematical, Computational and Statistical Sciences",Economics
N323117418204,ENVIRONMENTAL STUDIES,Physical Sciences,Philosophy
N324117414204,ENVIRONMENTAL STUDIES,Psychology,Physical Sciences
N325117413204,PHYSICAL SCIENCES,Physical Sciences,Arts & Humanities
N326117412204,ECONOMICS,"Philosophy, Politics and Economics",Economics
N327117410204,PHYSICAL SCIENCES,"Mathematical, Computational and Statistical Sciences",Economics
N328117408204,URBAN STUDIES,Anthropology,Anthropology
N329117405204,PHILOSOPHY,History,Psychology
N330117423204,ENVIRONMENTAL STUDIES,Environmental Studies,Global Affairs
N331117421204,GLOBAL AFFAIRS,Global Affairs,Arts & Humanities
N332117418204,ECONOMICS,Economics,Undecided
N333117414204,PHILOSOPHY,Global Affairs,"Philosophy, Politics and Economics"
N334117413204,"MATHEMATICAL, COMPUTATIONAL AND STATISTICAL SCIENCES",Psychology,"Philosophy, Politics and Economics"
N335117412204,ANTHROPOLOGY,Life Sciences,Economics
N336117410204,URBAN STUDIES,Global Affairs,Urban Studies
N337117408204,NA,"Philosophy, Politics and Economics",Urban Studies
N339117401204,ECONOMICS,"Philosophy, Politics and Economics",Economics
N341117418204,PSYCHOLOGY,Life Sciences,Psychology
N343117413204,PHYSICAL SCIENCES,History,Physical Sciences
N344117412204,"MATHEMATICAL, COMPUTATIONAL AND STATISTICAL SCIENCES",Urban Studies,"Philosophy, Politics and Economics"
N345117410204,ENVIRONMENTAL STUDIES,Environmental Studies,Economics
N324117405209,PHYSICAL SCIENCES,Environmental Studies,Physical Sciences
N339117421209,"MATHEMATICAL, COMPUTATIONAL AND STATISTICAL SCIENCES",Physical Sciences,Physical Sciences
N340117410209,DDP LAW,Global Affairs,Economics
N341117408209,LIFE SCIENCES,Life Sciences,Literature
N342117405209,"MATHEMATICAL, COMPUTATIONAL AND STATISTICAL SCIENCES",Physical Sciences,Psychology
N343117401209,GLOBAL AFFAIRS,"Philosophy, Politics and Economics",Global Affairs
N345117425209,ARTS AND HUMANITIES,Psychology,Physical Sciences
N395117424214,PSYCHOLOGY,Arts & Humanities,Physical Sciences
N396117423214,DDP LAW,Literature,Arts & Humanities
N397117421214,"PHILOSOPHY, POLITICS AND ECONOMICS",Physical Sciences,Anthropology
N398117418214,ANTHROPOLOGY,Global Affairs,"Philosophy, Politics and Economics"
N399117414214,ENVIRONMENTAL STUDIES,"Philosophy, Politics and Economics",Economics
N300117424215,PSYCHOLOGY,Psychology,"Mathematical, Computational and Statistical Sciences"
N301117423215,ECONOMICS,History,"Philosophy, Politics and Economics"
N302117421215,ENVIRONMENTAL STUDIES,Anthropology,"Philosophy, Politics and Economics"
N303117418215,ARTS AND HUMANITIES,Philosophy,Literature
N304117414215,ECONOMICS,Economics,"Philosophy, Politics and Economics"
N305117413215,PHILOSOPHY,Philosophy,Undecided
N306117412215,GLOBAL AFFAIRS,Arts & Humanities,Global Affairs
N307117410215,PHILOSOPHY,Literature,Undecided
N308117408215,ANTHROPOLOGY,Psychology,Anthropology
N343117410215,ENVIRONMENTAL STUDIES,Anthropology,Urban Studies
N344117408215,"PHILOSOPHY, POLITICS AND ECONOMICS",Economics,"Mathematical, Computational and Statistical Sciences"
N345117405215,ECONOMICS,Literature,Arts & Humanities
N346117401215,DDP LAW,"Philosophy, Politics and Economics",Psychology
N347117402215,PSYCHOLOGY,Global Affairs,"Philosophy, Politics and Economics"
N348117425215,PSYCHOLOGY,"Philosophy, Politics and Economics",Anthropology
N349117424215,LITERATURE,Global Affairs,Economics
N350117413215,"MATHEMATICAL, COMPUTATIONAL AND STATISTICAL SCIENCES",Global Affairs,"Philosophy, Politics and Economics"
N351117412215,"MATHEMATICAL, COMPUTATIONAL AND STATISTICAL SCIENCES","Mathematical, Computational and Statistical Sciences","Philosophy, Politics and Economics"
N352117410215,ENVIRONMENTAL STUDIES,Environmental Studies,Urban Studies
N354117405215,ARTS AND HUMANITIES,Literature,Undecided
N355117401215,ENVIRONMENTAL STUDIES,Arts & Humanities,Environmental Studies
N357117425215,ENVIRONMENTAL STUDIES,Literature,"Philosophy, Politics and Economics"
N358117424215,DDP LAW,Physical Sciences,Global Affairs
N359117423215,PHILOSOPHY,Literature,"Philosophy, Politics and Economics"
N361117410215,DDP LAW,Arts & Humanities,Literature
N362117408215,DDP LAW,Urban Studies,"Philosophy, Politics and Economics"
N363117405215,"PHILOSOPHY, POLITICS AND ECONOMICS","Philosophy, Politics and Economics",Urban Studies
N364117401215,"PHILOSOPHY, POLITICS AND ECONOMICS","Philosophy, Politics and Economics",Global Affairs
N365117402215,"PHILOSOPHY, POLITICS AND ECONOMICS",Global Affairs,"Philosophy, Politics and Economics"
N366117425215,ANTHROPOLOGY,Psychology,Anthropology
N367117424215,HISTORY,Arts & Humanities,Global Affairs
N368117423215,ANTHROPOLOGY,Economics,Global Affairs
N370117410215,"PHILOSOPHY, POLITICS AND ECONOMICS",Anthropology,Global Affairs
N371117408215,PHILOSOPHY,Arts & Humanities,"Philosophy, Politics and Economics"
N372117405215,URBAN STUDIES,Global Affairs,History
N373117401215,DDP LAW,"Philosophy, Politics and Economics",History
N374117402215,LITERATURE,Literature,Philosophy
N375117425215,PSYCHOLOGY,Psychology,Urban Studies
N377117423215,PHILOSOPHY,Philosophy,Psychology
N378117421215,"PHILOSOPHY, POLITICS AND ECONOMICS",Environmental Studies,Arts & Humanities
N379117418215,URBAN STUDIES,Global Affairs,Economics
N380117408215,ECONOMICS,"Philosophy, Politics and Economics",Global Affairs
N381117405215,URBAN STUDIES,Literature,Arts & Humanities
N382117401215,LITERATURE,History,Literature
N383117402215,DDP LAW,Psychology,Anthropology
N384117425215,ENVIRONMENTAL STUDIES,Arts & Humanities,Global Affairs
N385117424215,"MATHEMATICAL, COMPUTATIONAL AND STATISTICAL SCIENCES",Literature,"Mathematical, Computational and Statistical Sciences"
N387117421215,ARTS AND HUMANITIES,History,Literature
N388117418215,URBAN STUDIES,Urban Studies,Environmental Studies
N390117405215,HISTORY,History,Global Affairs
N391117401215,GLOBAL AFFAIRS,History,Global Affairs
N392117402215,ANTHROPOLOGY,"Philosophy, Politics and Economics",Global Affairs
N393117425215,LITERATURE,Literature,Arts & Humanities
N382117423219,HISTORY,Life Sciences,Philosophy
N303117425220,LIFE SCIENCES,History,Life Sciences
N340117421222,DDP LAW,Urban Studies,Psychology
N333117405227,PSYCHOLOGY,Psychology,Life Sciences
N327117401243,"PHILOSOPHY, POLITICS AND ECONOMICS",Literature,"Philosophy, Politics and Economics"
N332117412243,LIFE SCIENCES,Environmental Studies,Physical Sciences
N334117408243,URBAN STUDIES,Global Affairs,"Philosophy, Politics and Economics"
N335117405243,LIFE SCIENCES,Anthropology,Life Sciences
N323117408245,NA,Economics,NA
N324117405245,"PHILOSOPHY, POLITICS AND ECONOMICS","Philosophy, Politics and Economics",Anthropology
N328117424245,URBAN STUDIES,Arts & Humanities,"Mathematical, Computational and Statistical Sciences"
N393117421263,PSYCHOLOGY,"Philosophy, Politics and Economics",History
N313117412271,DDP LAW,"Philosophy, Politics and Economics",Global Affairs
N314117410271,NA,"Philosophy, Politics and Economics",Global Affairs
N314113414263,ANTHROPOLOGY,Anthropology,Global Affairs
N360116405246,ENVIRONMENTAL STUDIES,Environmental Studies,Anthropology
N330116410247,PHYSICAL SCIENCES,Physical Sciences,Physical Sciences
N316116421296,"PHILOSOPHY, POLITICS AND ECONOMICS","Philosophy, Politics and Economics",Undecided
N395117414218,PSYCHOLOGY,Psychology,History
N359117405268,ARTS AND HUMANITIES,Arts & Humanities,Urban Studies
N321118418223,PHILOSOPHY,Philosophy,Undecided
N300118421234,URBAN STUDIES,Urban Studies,Economics
N391118421237,GLOBAL AFFAIRS,Global Affairs,"Philosophy, Politics and Economics"
N368118423250,"MATHEMATICAL, COMPUTATIONAL AND STATISTICAL SCIENCES","Mathematical, Computational and Statistical Sciences",Physical Sciences
N320119425201,"PHILOSOPHY, POLITICS AND ECONOMICS","Philosophy, Politics and Economics",Psychology
N372119425207,"PHILOSOPHY, POLITICS AND ECONOMICS","Philosophy, Politics and Economics","Mathematical, Computational and Statistical Sciences"
N373119424207,LIFE SCIENCES,Life Sciences,Physical Sciences
N374119423207,"PHILOSOPHY, POLITICS AND ECONOMICS","Philosophy, Politics and Economics",Psychology
N375119421207,ECONOMICS,Economics,Anthropology
N376119418207,PHYSICAL SCIENCES,Physical Sciences,Undecided
N377119414207,GLOBAL AFFAIRS,Global Affairs,Life Sciences
N378119413207,"PHILOSOPHY, POLITICS AND ECONOMICS","Philosophy, Politics and Economics",Economics
N379119412207,Undecided,Undecided,Economics
N380119402207,ANTHROPOLOGY,Anthropology,Literature
N381119425207,PSYCHOLOGY,Psychology,Economics
N382119424207,"PHILOSOPHY, POLITICS AND ECONOMICS","Philosophy, Politics and Economics",Global Affairs
N383119423207,ANTHROPOLOGY,Anthropology,Global Affairs
N384119421207,ARTS AND HUMANITIES,Arts & Humanities,Literature
N385119418207,PSYCHOLOGY,Psychology,"Philosophy, Politics and Economics"
N386119414207,"MATHEMATICAL, COMPUTATIONAL AND STATISTICAL SCIENCES","Mathematical, Computational and Statistical Sciences",Life Sciences
N387119413207,ARTS AND HUMANITIES,Arts & Humanities,Literature
N388119412207,ANTHROPOLOGY,Anthropology,Psychology
N389119410207,ECONOMICS,Economics,Literature
N390119425207,PSYCHOLOGY,Psychology,Life Sciences
N391119424207,PHILOSOPHY,Philosophy,Arts & Humanities
N392119423207,URBAN STUDIES,Urban Studies,Psychology
N393119421207,PSYCHOLOGY,Psychology,Philosophy
N394119418207,LITERATURE,Literature,Psychology
N395119414207,ARTS AND HUMANITIES,Arts & Humanities,Life Sciences
N396119413207,PHYSICAL SCIENCES,Physical Sciences,Arts & Humanities
N397119412207,LIFE SCIENCES,Life Sciences,Physical Sciences
N398119410207,"PHILOSOPHY, POLITICS AND ECONOMICS","Philosophy, Politics and Economics",Undecided
N300119414208,ANTHROPOLOGY,Anthropology,Life Sciences
N301119413208,PHYSICAL SCIENCES,Physical Sciences,Environmental Studies
N302119412208,LIFE SCIENCES,Life Sciences,History
N303119410208,"MATHEMATICAL, COMPUTATIONAL AND STATISTICAL SCIENCES","Mathematical, Computational and Statistical Sciences",Life Sciences
N304119408208,Undecided,Undecided,Psychology
N305119405208,PSYCHOLOGY,Psychology,Arts & Humanities
N306119401208,PSYCHOLOGY,Psychology,Urban Studies
N307119402208,URBAN STUDIES,Urban Studies,Environmental Studies
N308119425208,"PHILOSOPHY, POLITICS AND ECONOMICS","Philosophy, Politics and Economics",Global Affairs
N309119424208,"PHILOSOPHY, POLITICS AND ECONOMICS","Philosophy, Politics and Economics",Global Affairs
N310119413208,ENVIRONMENTAL STUDIES,Environmental Studies,Global Affairs
N311119412208,"PHILOSOPHY, POLITICS AND ECONOMICS","Philosophy, Politics and Economics",Global Affairs
N312119410208,LIFE SCIENCES,Life Sciences,Global Affairs
N313119408208,ECONOMICS,Economics,Undecided
N314119405208,"MATHEMATICAL, COMPUTATIONAL AND STATISTICAL SCIENCES","Mathematical, Computational and Statistical Sciences",Philosophy
N315119401208,LITERATURE,Literature,"Philosophy, Politics and Economics"
N316119402208,LIFE SCIENCES,Life Sciences,Physical Sciences
N317119425208,ANTHROPOLOGY,Anthropology,Anthropology
N318119424208,"PHILOSOPHY, POLITICS AND ECONOMICS","Philosophy, Politics and Economics",History
N319119423208,LIFE SCIENCES,Life Sciences,Physical Sciences
N320119412208,Undecided,Undecided,"Philosophy, Politics and Economics"
N321119410208,"MATHEMATICAL, COMPUTATIONAL AND STATISTICAL SCIENCES","Mathematical, Computational and Statistical Sciences",Physical Sciences
N322119408208,HISTORY,History,"Philosophy, Politics and Economics"
N324119401208,PSYCHOLOGY,Psychology,"Mathematical, Computational and Statistical Sciences"
N325119402208,"PHILOSOPHY, POLITICS AND ECONOMICS","Philosophy, Politics and Economics",Literature
N326119425208,ECONOMICS,Economics,Life Sciences
N327119424208,URBAN STUDIES,Urban Studies,"Philosophy, Politics and Economics"
N328119423208,ENVIRONMENTAL STUDIES,Environmental Studies,Arts & Humanities
N329119421208,PSYCHOLOGY,Psychology,Global Affairs
N330119410208,"PHILOSOPHY, POLITICS AND ECONOMICS","Philosophy, Politics and Economics",Physical Sciences
N331119408208,"PHILOSOPHY, POLITICS AND ECONOMICS","Philosophy, Politics and Economics",Global Affairs
N332119405208,"PHILOSOPHY, POLITICS AND ECONOMICS","Philosophy, Politics and Economics",Global Affairs
N333119401208,PSYCHOLOGY,Psychology,Undecided
N334119402208,GLOBAL AFFAIRS,Global Affairs,"Philosophy, Politics and Economics"
N335119425208,ARTS AND HUMANITIES,Arts & Humanities,"Philosophy, Politics and Economics"
N336119424208,"PHILOSOPHY, POLITICS AND ECONOMICS","Philosophy, Politics and Economics",Anthropology
N337119423208,PHILOSOPHY,Philosophy,Global Affairs
N339119418208,ARTS AND HUMANITIES,Arts & Humanities,Undecided
N340119408208,"PHILOSOPHY, POLITICS AND ECONOMICS","Philosophy, Politics and Economics",Global Affairs
N341119405208,GLOBAL AFFAIRS,Global Affairs,"Philosophy, Politics and Economics"
N342119401208,"MATHEMATICAL, COMPUTATIONAL AND STATISTICAL SCIENCES","Mathematical, Computational and Statistical Sciences",Economics
N343119402208,"PHILOSOPHY, POLITICS AND ECONOMICS","Philosophy, Politics and Economics",Global Affairs
N344119425208,"MATHEMATICAL, COMPUTATIONAL AND STATISTICAL SCIENCES","Mathematical, Computational and Statistical Sciences","Mathematical, Computational and Statistical Sciences"
N345119424208,"PHILOSOPHY, POLITICS AND ECONOMICS","Philosophy, Politics and Economics",Global Affairs
N346119423208,LIFE SCIENCES,Life Sciences,Environmental Studies
N347119421208,ECONOMICS,Economics,Arts & Humanities
N348119418208,ECONOMICS,Economics,Global Affairs
N349119414208,PHYSICAL SCIENCES,Physical Sciences,"Mathematical, Computational and Statistical Sciences"
N351119401208,"PHILOSOPHY, POLITICS AND ECONOMICS","Philosophy, Politics and Economics",Economics
N352119402208,ECONOMICS,Economics,Arts & Humanities
N353119425208,URBAN STUDIES,Urban Studies,Anthropology
N354119424208,LIFE SCIENCES,Life Sciences,Psychology
N355119423208,"PHILOSOPHY, POLITICS AND ECONOMICS","Philosophy, Politics and Economics",Economics
N356119421208,"PHILOSOPHY, POLITICS AND ECONOMICS","Philosophy, Politics and Economics",Global Affairs
N357119418208,"PHILOSOPHY, POLITICS AND ECONOMICS","Philosophy, Politics and Economics",Global Affairs
N358119414208,LITERATURE,Literature,Literature
N359119413208,LIFE SCIENCES,Life Sciences,Arts & Humanities
N360119401208,LIFE SCIENCES,Life Sciences,"Mathematical, Computational and Statistical Sciences"
N361119402208,HISTORY,History,"Philosophy, Politics and Economics"
N362119425208,"PHILOSOPHY, POLITICS AND ECONOMICS","Philosophy, Politics and Economics",Economics
N363119424208,LITERATURE,Literature,Anthropology
N364119423208,ARTS AND HUMANITIES,Arts & Humanities,"Philosophy, Politics and Economics"
N365119421208,ENVIRONMENTAL STUDIES,Environmental Studies,Life Sciences
N366119418208,LIFE SCIENCES,Life Sciences,Life Sciences
N367119414208,URBAN STUDIES,Urban Studies,Economics
N368119413208,"PHILOSOPHY, POLITICS AND ECONOMICS","Philosophy, Politics and Economics",Global Affairs
N369119412208,ENVIRONMENTAL STUDIES,Environmental Studies,"Philosophy, Politics and Economics"
N370119402208,"MATHEMATICAL, COMPUTATIONAL AND STATISTICAL SCIENCES","Mathematical, Computational and Statistical Sciences",Physical Sciences
N371119425208,ECONOMICS,Economics,"Philosophy, Politics and Economics"
N372119424208,ECONOMICS,Economics,"Mathematical, Computational and Statistical Sciences"
N373119423208,ECONOMICS,Economics,Global Affairs
N376119414208,GLOBAL AFFAIRS,Global Affairs,Anthropology
N377119413208,ARTS AND HUMANITIES,Arts & Humanities,Physical Sciences
N378119412208,ECONOMICS,Economics,Global Affairs
N379119410208,"MATHEMATICAL, COMPUTATIONAL AND STATISTICAL SCIENCES","Mathematical, Computational and Statistical Sciences","Mathematical, Computational and Statistical Sciences"
N380119425208,ECONOMICS,Economics,"Philosophy, Politics and Economics"
N381119424208,LITERATURE,Literature,Arts & Humanities
N382119423208,LITERATURE,Literature,Psychology
N383119421208,GLOBAL AFFAIRS,Global Affairs,Arts & Humanities
N384119418208,LITERATURE,Literature,"Philosophy, Politics and Economics"
N385119414208,GLOBAL AFFAIRS,NA,NA
N386119413208,"MATHEMATICAL, COMPUTATIONAL AND STATISTICAL SCIENCES","Mathematical, Computational and Statistical Sciences","Mathematical, Computational and Statistical Sciences"
N387119412208,ARTS AND HUMANITIES,Arts & Humanities,Anthropology
N388119410208,ECONOMICS,Economics,"Philosophy, Politics and Economics"
N389119408208,"PHILOSOPHY, POLITICS AND ECONOMICS","Philosophy, Politics and Economics",Undecided
N390119424208,PSYCHOLOGY,Psychology,Philosophy
N391119423208,LITERATURE,Literature,Arts & Humanities
N392119421208,ECONOMICS,Economics,Life Sciences
N393119418208,Undecided,Undecided,Undecided
N394119414208,"PHILOSOPHY, POLITICS AND ECONOMICS","Philosophy, Politics and Economics",Economics
N396119412208,PHILOSOPHY,Philosophy,"Mathematical, Computational and Statistical Sciences"
N397119410208,LITERATURE,Literature,Arts & Humanities
N398119408208,"MATHEMATICAL, COMPUTATIONAL AND STATISTICAL SCIENCES","Mathematical, Computational and Statistical Sciences","Mathematical, Computational and Statistical Sciences"
N399119405208,"MATHEMATICAL, COMPUTATIONAL AND STATISTICAL SCIENCES","Mathematical, Computational and Statistical Sciences",Undecided
N300119413209,ECONOMICS,Economics,"Philosophy, Politics and Economics"
N301119412209,ECONOMICS,Economics,Life Sciences
N302119410209,"MATHEMATICAL, COMPUTATIONAL AND STATISTICAL SCIENCES","Mathematical, Computational and Statistical Sciences",Economics
N303119408209,ANTHROPOLOGY,Anthropology,Urban Studies
N304119405209,"PHILOSOPHY, POLITICS AND ECONOMICS","Philosophy, Politics and Economics",Arts & Humanities
N305119401209,ANTHROPOLOGY,Anthropology,Environmental Studies
N306119402209,HISTORY,History,Global Affairs
N307119425209,Undecided,Undecided,Undecided
N308119424209,PSYCHOLOGY,Psychology,Economics
N309119423209,ANTHROPOLOGY,Anthropology,Arts & Humanities
N310119412209,GLOBAL AFFAIRS,Global Affairs,History
N311119410209,"PHILOSOPHY, POLITICS AND ECONOMICS","Philosophy, Politics and Economics",Global Affairs
N312119408209,ENVIRONMENTAL STUDIES,Environmental Studies,"Philosophy, Politics and Economics"
N313119405209,PSYCHOLOGY,Psychology,Philosophy
N314119401209,PSYCHOLOGY,Psychology,Environmental Studies
N315119402209,"PHILOSOPHY, POLITICS AND ECONOMICS","Philosophy, Politics and Economics",Literature
N316119425209,ANTHROPOLOGY,Anthropology,Arts & Humanities
N317119424209,HISTORY,History,Literature
N318119423209,ANTHROPOLOGY,Anthropology,"Philosophy, Politics and Economics"
N319119421209,GLOBAL AFFAIRS,Global Affairs,"Philosophy, Politics and Economics"
N320119410209,GLOBAL AFFAIRS,Global Affairs,"Philosophy, Politics and Economics"
N321119408209,ENVIRONMENTAL STUDIES,Environmental Studies,Economics
N322119405209,ECONOMICS,Economics,"Philosophy, Politics and Economics"
N323119401209,Undecided,Undecided,Undecided
N324119402209,HISTORY,History,Global Affairs
N325119425209,Undecided,Life Sciences,"Philosophy, Politics and Economics"
N326119424209,PHILOSOPHY,Philosophy,Psychology
N327119423209,LIFE SCIENCES,Life Sciences,NA
N328119421209,LITERATURE,Literature,Anthropology
N329119418209,PSYCHOLOGY,Psychology,Literature
N330119408209,GLOBAL AFFAIRS,Global Affairs,"Philosophy, Politics and Economics"
N331119405209,GLOBAL AFFAIRS,Global Affairs,"Philosophy, Politics and Economics"
N332119401209,PHILOSOPHY,Philosophy,Literature
N333119402209,PSYCHOLOGY,Psychology,History
N334119425209,GLOBAL AFFAIRS,Global Affairs,"Philosophy, Politics and Economics"
N335119424209,ENVIRONMENTAL STUDIES,Environmental Studies,Economics
N336119423209,PSYCHOLOGY,Psychology,Economics
N337119421209,LIFE SCIENCES,Life Sciences,NA
N338119418209,GLOBAL AFFAIRS,Global Affairs,Environmental Studies
N339119414209,"PHILOSOPHY, POLITICS AND ECONOMICS","Philosophy, Politics and Economics",Urban Studies
N340119405209,ECONOMICS,Economics,Undecided
N342119402209,GLOBAL AFFAIRS,Global Affairs,History
N343119425209,PSYCHOLOGY,Psychology,Life Sciences
N344119424209,ECONOMICS,Economics,Anthropology
N345119423209,PHYSICAL SCIENCES,Physical Sciences,Undecided
N346119421209,ARTS AND HUMANITIES,Arts & Humanities,Literature
N347119418209,URBAN STUDIES,Urban Studies,History
N348119414209,ANTHROPOLOGY,Anthropology,Global Affairs
N349119413209,"PHILOSOPHY, POLITICS AND ECONOMICS","Philosophy, Politics and Economics",Global Affairs
N350119401209,"PHILOSOPHY, POLITICS AND ECONOMICS","Philosophy, Politics and Economics",Global Affairs
N351119402209,PSYCHOLOGY,Psychology,"Mathematical, Computational and Statistical Sciences"
N352119425209,LIFE SCIENCES,Life Sciences,Arts & Humanities
N353119424209,"MATHEMATICAL, COMPUTATIONAL AND STATISTICAL SCIENCES","Mathematical, Computational and Statistical Sciences","Philosophy, Politics and Economics"
N354119423209,GLOBAL AFFAIRS,Global Affairs,"Philosophy, Politics and Economics"
N355119421209,ARTS AND HUMANITIES,NA,NA
N356119418209,"MATHEMATICAL, COMPUTATIONAL AND STATISTICAL SCIENCES","Mathematical, Computational and Statistical Sciences",Physical Sciences
N357119414209,PHILOSOPHY,Philosophy,Arts & Humanities
N359119412209,"PHILOSOPHY, POLITICS AND ECONOMICS","Philosophy, Politics and Economics","Philosophy, Politics and Economics"
N360119402209,Undecided,Undecided,Economics
N361119425209,ECONOMICS,Economics,"Philosophy, Politics and Economics"
N362119424209,ARTS AND HUMANITIES,Arts & Humanities,Psychology
N363119423209,ECONOMICS,Economics,"Philosophy, Politics and Economics"
N364119421209,"PHILOSOPHY, POLITICS AND ECONOMICS","Philosophy, Politics and Economics",Global Affairs
N365119418209,ARTS AND HUMANITIES,Arts & Humanities,Urban Studies
N366119414209,LITERATURE,Literature,Arts & Humanities
N367119413209,"PHILOSOPHY, POLITICS AND ECONOMICS","Philosophy, Politics and Economics",Philosophy
N368119412209,LIFE SCIENCES,Life Sciences,Undecided
N369119410209,ARTS AND HUMANITIES,Arts & Humanities,"Philosophy, Politics and Economics"
N371119424209,PSYCHOLOGY,Psychology,Arts & Humanities
N372119423209,ANTHROPOLOGY,Anthropology,History
N373119421209,"MATHEMATICAL, COMPUTATIONAL AND STATISTICAL SCIENCES","Mathematical, Computational and Statistical Sciences",Economics
N374119418209,ANTHROPOLOGY,Anthropology,Arts & Humanities
N375119414209,ENVIRONMENTAL STUDIES,Environmental Studies,Life Sciences
N376119413209,Undecided,Undecided,Psychology
N377119412209,HISTORY,History,"Mathematical, Computational and Statistical Sciences"
N378119410209,LIFE SCIENCES,Life Sciences,Literature
N379119408209,Undecided,Undecided,Undecided
N380119424209,ECONOMICS,Economics,"Philosophy, Politics and Economics"
N381119423209,GLOBAL AFFAIRS,Global Affairs,Physical Sciences
N382119421209,"PHILOSOPHY, POLITICS AND ECONOMICS","Philosophy, Politics and Economics",Global Affairs
N383119418209,GLOBAL AFFAIRS,Global Affairs,"Philosophy, Politics and Economics"
N384119414209,HISTORY,History,Global Affairs
N319119405212,ENVIRONMENTAL STUDIES,Environmental Studies,"Philosophy, Politics and Economics"
N320119423212,ARTS AND HUMANITIES,Arts & Humanities,Undecided
N321119421212,URBAN STUDIES,Urban Studies,Arts & Humanities
N322119418212,"PHILOSOPHY, POLITICS AND ECONOMICS","Philosophy, Politics and Economics",Anthropology
N323119414212,"PHILOSOPHY, POLITICS AND ECONOMICS","Philosophy, Politics and Economics",Literature
N324119413212,"PHILOSOPHY, POLITICS AND ECONOMICS","Philosophy, Politics and Economics",Global Affairs
N325119412212,LITERATURE,Literature,Anthropology
N326119410212,ARTS AND HUMANITIES,Arts & Humanities,Economics
N327119408212,ARTS AND HUMANITIES,Arts & Humanities,Economics
N328119405212,"PHILOSOPHY, POLITICS AND ECONOMICS","Philosophy, Politics and Economics",Global Affairs
N329119401212,ENVIRONMENTAL STUDIES,Environmental Studies,Economics
N330119421212,ARTS AND HUMANITIES,Arts & Humanities,Psychology
N331119418212,PSYCHOLOGY,Psychology,"Philosophy, Politics and Economics"
N332119414212,"PHILOSOPHY, POLITICS AND ECONOMICS","Philosophy, Politics and Economics",Arts & Humanities
N333119413212,"PHILOSOPHY, POLITICS AND ECONOMICS","Philosophy, Politics and Economics",Undecided
N334119412212,"MATHEMATICAL, COMPUTATIONAL AND STATISTICAL SCIENCES","Mathematical, Computational and Statistical Sciences",Psychology
N376119418216,"PHILOSOPHY, POLITICS AND ECONOMICS","Philosophy, Politics and Economics",Global Affairs
N377119414216,LITERATURE,Literature,Life Sciences
N378119413216,ANTHROPOLOGY,Anthropology,Undecided
N379119412216,LITERATURE,Literature,Arts & Humanities
N380119402216,"PHILOSOPHY, POLITICS AND ECONOMICS","Philosophy, Politics and Economics",Arts & Humanities
N314119402219,PSYCHOLOGY,Psychology,Arts & Humanities
N316119424219,ARTS AND HUMANITIES,Arts & Humanities,Undecided
N317119423219,LIFE SCIENCES,Life Sciences,Arts & Humanities
N318119421219,GLOBAL AFFAIRS,Global Affairs,"Philosophy, Politics and Economics"
N320119408219,LITERATURE,Literature,Literature
N322119401219,Undecided,Undecided,Physical Sciences
N324119425219,"PHILOSOPHY, POLITICS AND ECONOMICS","Philosophy, Politics and Economics",Economics
N325119424219,GLOBAL AFFAIRS,Global Affairs,Psychology
N399119414221,"PHILOSOPHY, POLITICS AND ECONOMICS","Philosophy, Politics and Economics",Economics
N300119424222,"PHILOSOPHY, POLITICS AND ECONOMICS","Philosophy, Politics and Economics",Global Affairs
